date_col,sales_val
2024-01-01,49.71340301898136
2024-01-02,54.55191088654659
2024-01-03,51.85501027506081
2024-01-04,54.1860718018217
2024-01-05,54.17374916839321
2024-01-06,53.26396401710542
2024-01-07,58.46737721049309
2024-01-08,56.3100152289758
2024-01-09,55.3659204600478
2024-01-10,57.67016873264684
2024-01-11,61.329669603169975
2024-01-12,56.36313065113673
2024-01-13,60.710024038720704
2024-01-14,61.16421867584795
2024-01-15,58.784189333312135
2024-01-16,64.24539998869018
2024-01-17,64.07222546424869
2024-01-18,66.16383574777755
2024-01-19,67.53039376838252
2024-01-20,65.99057483372894
2024-01-21,65.83794509872158
2024-01-22,64.94755127700186
2024-01-23,67.35539087003637
2024-01-24,69.51342117425378
2024-01-25,68.41182941848422
2024-01-26,72.35334454176893
2024-01-27,70.22704665908627
2024-01-28,69.35571725672128
2024-01-29,72.5729428939097
2024-01-30,74.94472721757687
2024-01-31,72.90483833935076
2024-02-01,74.49466215305686
2024-02-02,75.85829853316811
2024-02-03,76.96834539612905
2024-02-04,79.40932374747736
2024-02-05,80.93681471117144
2024-02-06,79.55961246745285
2024-02-07,79.27805533946287
2024-02-08,82.4768612536229
2024-02-09,84.08629665672262
2024-02-10,87.12585286062733
2024-02-11,87.0381051933561
2024-02-12,83.07552476228281
2024-02-13,86.15869434557895
2024-02-14,88.20045891815138
2024-02-15,86.4352083711374
2024-02-16,88.28164301695966
2024-02-17,91.17842700092075
2024-02-18,91.17790890688177
2024-02-19,91.52888057451064
2024-02-20,91.06578292463544
2024-02-21,90.32913233782917
2024-02-22,93.44292646121835
2024-02-23,94.73280088606995
2024-02-24,92.82585667436909
2024-02-25,96.70611131380254
2024-02-26,98.24171540189815
2024-02-27,96.92110123986075
2024-02-28,99.95943210777648
2024-02-29,100.55141178129414
